Data,Ultimo,Abertura,Fechamento,Maxima,Minima,Volume
10.05.2019,41.57,42.0,41.57,45.0,41.06,186322500
13.05.2019,37.1,38.79,37.1,39.24,36.08,79442400
14.05.2019,39.96,38.31,39.96,39.96,36.85,46661100
15.05.2019,41.29,39.37,41.29,41.88,38.95,36086100
16.05.2019,43.0,41.48,43.0,44.06,41.25,38115500
17.05.2019,41.91,41.98,41.91,43.29,41.27,20225700
20.05.2019,41.59,41.19,41.59,41.68,39.46,29222300
21.05.2019,41.5,42.0,41.5,42.24,41.25,10802900
22.05.2019,41.25,41.05,41.25,41.28,40.5,9089500
23.05.2019,40.47,40.8,40.47,41.09,40.02,11119900
24.05.2019,41.51,41.28,41.51,41.51,40.5,8786800
28.05.2019,40.95,41.7,40.95,41.8,40.6,13391600
29.05.2019,39.94,40.52,39.94,40.71,39.15,14060400
30.05.2019,39.8,40.07,39.8,40.38,39.5,26451900
31.05.2019,40.41,41.15,40.41,41.57,39.41,23209800
03.06.2019,41.25,40.74,41.25,41.85,40.24,16605300
04.06.2019,42.75,42.56,42.75,42.88,40.7,23432100
05.06.2019,45.0,42.87,45.0,45.66,42.5,28609600
06.06.2019,44.92,45.0,44.92,45.75,44.28,16403700
07.06.2019,44.16,44.92,44.16,45.67,44.13,12654700
10.06.2019,42.61,44.02,42.61,44.59,42.53,11618700
11.06.2019,42.45,43.22,42.45,43.65,41.8,9095000
12.06.2019,42.17,42.52,42.17,42.65,41.71,5965300
13.06.2019,44.31,43.05,44.31,44.35,42.8,10178900
14.06.2019,43.23,44.75,43.23,44.8,43.11,7902200
17.06.2019,43.78,43.28,43.78,44.08,42.93,6557600
18.06.2019,43.86,44.3,43.86,44.89,43.75,7313600
19.06.2019,44.86,44.46,44.86,45.5,43.95,10331500
20.06.2019,43.86,45.03,43.86,45.29,43.51,9567400
21.06.2019,44.0,43.85,44.0,44.14,43.38,4974000
24.06.2019,43.09,44.0,43.09,44.07,42.82,5985100
25.06.2019,43.09,43.28,43.09,43.79,42.44,5753300
26.06.2019,42.5,43.25,42.5,43.4,42.36,8109100
27.06.2019,45.13,43.35,45.13,45.3,43.2,20155100
28.06.2019,46.38,45.1,46.38,47.08,45.08,28657000
01.07.2019,44.27,46.98,44.27,47.04,44.06,17660500
02.07.2019,44.0,44.55,44.0,44.68,43.75,11881300
03.07.2019,44.23,44.0,44.23,44.46,43.79,3380000
05.07.2019,43.53,44.31,43.53,44.55,43.01,8239500
08.07.2019,42.95,43.59,42.95,43.85,42.75,9304100
09.07.2019,44.2,43.18,44.2,44.23,42.98,5251600
10.07.2019,43.7,44.48,43.7,44.8,43.56,9746500
11.07.2019,43.99,44.1,43.99,44.29,43.31,8050900
12.07.2019,43.99,44.16,43.99,44.24,43.39,8760500
15.07.2019,44.53,44.2,44.53,44.7,43.97,5811200
16.07.2019,44.13,44.6,44.13,44.98,44.02,5613300
17.07.2019,43.62,44.06,43.62,44.35,43.52,5854100
18.07.2019,43.71,43.5,43.71,43.85,43.19,4078700
19.07.2019,43.18,43.9,43.18,44.09,43.16,4021000
22.07.2019,43.69,43.25,43.69,43.72,43.01,3815300
23.07.2019,43.36,43.75,43.36,44.31,43.11,5110100
24.07.2019,43.76,43.36,43.76,43.87,43.36,3775700
25.07.2019,43.4,43.72,43.4,43.96,43.21,4412000
26.07.2019,44.52,43.42,44.52,44.96,43.39,7598800
29.07.2019,43.88,45.0,43.88,45.63,43.12,8652200
30.07.2019,42.59,43.71,42.59,43.74,42.49,7686300
31.07.2019,42.14,42.6,42.14,42.98,41.84,5970800
01.08.2019,41.31,42.14,41.31,42.54,41.0,7349700
02.08.2019,40.4,41.03,40.4,41.06,39.95,8225700
05.08.2019,39.05,39.35,39.05,39.42,38.43,9799300
06.08.2019,39.15,39.68,39.15,40.81,38.36,8570300
07.08.2019,39.7,39.06,39.7,39.99,38.32,8896000
08.08.2019,42.97,41.98,42.97,43.0,41.25,29610500
09.08.2019,40.05,39.56,40.05,40.68,38.71,35138800
12.08.2019,37.0,39.83,37.0,39.95,37.0,21231300
13.08.2019,36.45,37.0,36.45,37.46,36.12,18990600
14.08.2019,33.96,36.0,33.96,36.3,33.36,24481600
15.08.2019,33.22,34.52,33.22,34.55,32.92,13265800
16.08.2019,35.23,33.46,35.23,35.48,33.4,13883200
19.08.2019,34.61,35.53,34.61,35.8,34.37,10853100
20.08.2019,35.29,34.48,35.29,36.07,34.39,10760700
21.08.2019,34.91,35.5,34.91,35.83,34.75,7923000
22.08.2019,34.0,34.8,34.0,34.91,33.52,8513300
23.08.2019,33.43,33.65,33.43,34.23,33.12,8160600
26.08.2019,33.31,33.67,33.31,33.83,33.06,5662500
27.08.2019,33.11,33.69,33.11,34.24,32.98,6574800
28.08.2019,32.59,32.56,32.59,33.05,32.26,6245500
29.08.2019,32.76,32.9,32.76,33.3,32.6,5772200
30.08.2019,32.57,33.0,32.57,33.13,32.04,6628700
03.09.2019,30.7,32.1,30.7,32.53,30.67,12154000
04.09.2019,31.99,30.91,31.99,32.36,30.85,10357600
05.09.2019,32.51,32.33,32.51,33.03,32.25,7933300
06.09.2019,31.86,32.71,31.86,32.74,31.41,7036000
09.09.2019,32.24,32.05,32.24,32.39,31.46,7448400
10.09.2019,33.51,32.0,33.51,33.74,31.65,10817100
11.09.2019,34.0,33.38,34.0,35.14,33.02,14715800
12.09.2019,34.07,34.14,34.07,34.49,33.33,7734800
13.09.2019,33.25,34.25,33.25,34.44,32.94,9428600
16.09.2019,34.43,33.6,34.43,34.8,33.47,7942600
17.09.2019,34.29,34.75,34.29,34.75,33.55,5561300
18.09.2019,34.26,34.35,34.26,34.89,33.75,6608300
19.09.2019,33.82,34.2,33.82,34.64,33.68,6869600
20.09.2019,32.6,33.98,32.6,34.22,32.5,11935400
23.09.2019,33.0,32.52,33.0,33.01,32.06,5513000
24.09.2019,31.3,33.0,31.3,33.15,31.01,10579900
25.09.2019,31.68,31.27,31.68,31.72,30.76,7875000
26.09.2019,31.57,31.72,31.57,32.13,31.13,6058700
27.09.2019,30.29,31.71,30.29,31.9,30.13,11846700
30.09.2019,30.47,30.4,30.47,30.74,30.17,4986600
01.10.2019,29.15,30.37,29.15,30.51,28.65,13380200
02.10.2019,29.0,28.67,29.0,29.55,28.31,8782400
03.10.2019,29.72,28.97,29.72,29.88,28.52,9412000
04.10.2019,29.67,29.9,29.67,30.18,28.9,8597700
07.10.2019,30.37,30.6,30.37,30.75,29.83,10083800
08.10.2019,29.28,30.01,29.28,30.15,29.17,7769100
09.10.2019,29.07,29.62,29.07,29.62,28.81,7112900
10.10.2019,28.87,29.21,28.87,29.28,28.58,7716300
11.10.2019,30.13,28.95,30.13,30.4,28.94,10216900
14.10.2019,31.12,30.22,31.12,31.54,29.82,7945400
15.10.2019,32.0,31.2,32.0,32.17,31.19,7843800
16.10.2019,31.87,31.8,31.87,32.38,31.44,7781600
17.10.2019,32.62,31.8,32.62,32.93,31.45,7200800
18.10.2019,32.06,32.55,32.06,32.66,31.27,7844500
21.10.2019,31.41,31.95,31.41,32.28,31.18,7203400
22.10.2019,32.53,31.41,32.53,33.89,30.22,19214800
23.10.2019,33.05,32.87,33.05,33.27,32.17,6709800
24.10.2019,33.28,33.0,33.28,33.42,32.51,6729300
25.10.2019,32.71,33.2,32.71,33.48,32.61,8077300
28.10.2019,33.22,32.9,33.22,33.35,32.5,7532800
29.10.2019,32.42,32.37,32.42,32.92,31.82,9319200
30.10.2019,33.75,32.51,33.75,33.8,32.11,10732700
31.10.2019,31.5,33.23,31.5,33.36,31.26,15912400
01.11.2019,31.37,31.45,31.37,31.7,30.74,10434300
04.11.2019,31.08,31.45,31.08,31.75,30.12,28787400
05.11.2019,28.02,29.13,28.02,29.3,27.97,51963500
06.11.2019,26.94,26.06,26.94,27.55,25.58,130965700
07.11.2019,27.38,26.8,27.38,27.42,26.45,65861400
08.11.2019,27.01,27.48,27.01,27.62,26.92,44923600
11.11.2019,27.14,27.03,27.14,27.21,26.23,41138100
12.11.2019,26.7,27.38,26.7,27.66,26.66,37095400
13.11.2019,26.71,26.47,26.71,26.82,26.14,32678300
14.11.2019,25.99,26.8,25.99,26.86,25.67,27893900
15.11.2019,26.79,26.18,26.79,26.8,25.95,41236200
18.11.2019,26.75,26.8,26.75,27.0,26.3,35916100
19.11.2019,27.05,26.77,27.05,27.22,26.61,31793500
20.11.2019,28.03,27.06,28.03,28.4,26.94,52746600
21.11.2019,29.46,28.67,29.46,29.6,28.5,54551400
22.11.2019,29.56,29.84,29.56,30.13,29.21,42302900
25.11.2019,29.11,28.69,29.11,29.6,28.38,36967500
26.11.2019,29.53,29.49,29.53,30.15,29.36,28746600
27.11.2019,29.49,29.42,29.49,29.59,28.88,22421400
29.11.2019,29.6,29.41,29.6,29.85,29.25,8115100
02.12.2019,28.98,29.32,28.98,29.52,28.7,16927100
03.12.2019,29.02,28.2,29.02,29.33,28.15,25252400
04.12.2019,29.06,29.1,29.06,29.2,28.7,22517600
05.12.2019,28.65,28.94,28.65,28.99,28.18,22504300
06.12.2019,27.86,28.4,27.86,28.92,27.8,32816100
09.12.2019,27.68,27.96,27.68,28.36,27.68,20977300
10.12.2019,27.89,27.73,27.89,27.99,27.6,23602700
11.12.2019,28.42,27.99,28.42,28.55,27.85,23281700
12.12.2019,28.69,28.29,28.69,28.75,28.19,23569900
13.12.2019,28.49,28.58,28.49,28.84,28.27,25431600
16.12.2019,30.05,29.11,30.05,30.13,29.1,57382500
17.12.2019,29.75,30.37,29.75,30.42,29.53,38250700
18.12.2019,30.13,29.62,30.13,30.14,29.34,35375100
19.12.2019,29.99,29.84,29.99,30.17,29.53,33799700
20.12.2019,30.45,30.1,30.45,31.03,29.85,95455100
23.12.2019,30.33,30.49,30.33,30.94,29.83,31209100
24.12.2019,30.44,30.33,30.44,30.84,30.11,12938600
26.12.2019,30.67,30.47,30.67,30.79,30.03,22200800
27.12.2019,30.17,30.8,30.17,31.06,30.17,18462200
30.12.2019,29.74,30.13,29.74,30.2,29.35,18805900
31.12.2019,29.74,29.11,29.74,29.95,28.9,16228400
02.01.2020,30.99,29.94,30.99,31.0,29.79,20578900
03.01.2020,31.37,30.62,31.37,31.43,30.48,18822700
06.01.2020,31.58,31.01,31.58,32.06,31.0,21204700
07.01.2020,32.81,31.79,32.81,32.84,31.36,30119600
08.01.2020,33.93,32.73,33.93,34.52,32.46,43944400
09.01.2020,33.97,34.45,33.97,34.47,33.22,29385500
10.01.2020,34.01,34.08,34.01,34.99,33.83,34266400
13.01.2020,34.14,34.29,34.14,34.34,33.55,16915800
14.01.2020,34.84,34.2,34.84,35.02,33.92,26019000
15.01.2020,35.01,34.9,35.01,35.15,34.51,20762200
16.01.2020,34.68,35.03,34.68,35.06,34.18,21947800
17.01.2020,35.13,34.97,35.13,35.25,34.65,17251200
21.01.2020,37.6,35.5,37.6,37.8,35.41,48746700
22.01.2020,37.04,37.94,37.04,37.94,36.92,29765200
23.01.2020,37.4,36.97,37.4,37.95,36.72,21366000
24.01.2020,36.8,37.5,36.8,37.67,36.25,21598000
27.01.2020,36.3,35.23,36.3,36.65,34.19,18818000
28.01.2020,37.01,37.14,37.01,37.33,36.04,28974000
29.01.2020,36.99,36.98,36.99,37.56,36.8,16863000
30.01.2020,36.68,36.82,36.68,37.13,35.95,22847000
31.01.2020,36.29,37.0,36.29,37.04,35.69,21553700
03.02.2020,37.59,36.75,37.59,37.64,36.53,23494600
04.02.2020,38.53,37.87,38.53,38.99,37.26,32425900
05.02.2020,36.81,38.89,36.81,38.97,36.74,38413300
06.02.2020,37.09,37.3,37.09,37.39,36.73,52699300
07.02.2020,40.63,39.98,40.63,41.0,38.86,112325800
10.02.2020,40.01,40.65,40.01,41.34,39.96,60840800
11.02.2020,41.27,40.25,41.27,41.47,40.05,33896000
12.02.2020,41.25,41.5,41.25,41.86,41.06,26444900
13.02.2020,40.09,40.93,40.09,41.55,40.0,23850900
14.02.2020,39.66,40.02,39.66,40.31,38.7,32014200
18.02.2020,40.18,39.49,40.18,40.27,39.45,22149300
19.02.2020,41.05,40.42,41.05,41.23,40.12,23287300
20.02.2020,40.92,41.0,40.92,41.19,39.85,25446400
21.02.2020,40.72,40.89,40.72,40.89,40.05,20595500
24.02.2020,38.31,38.21,38.31,39.14,37.75,37123200
25.02.2020,35.89,38.9,35.89,39.15,35.5,49281600
26.02.2020,34.45,35.53,34.45,36.17,33.89,44051400
27.02.2020,32.45,32.03,32.45,34.16,30.67,66557200
28.02.2020,33.87,31.81,33.87,34.29,31.0,52049300
02.03.2020,32.85,34.05,32.85,34.08,31.74,46662000
03.03.2020,33.04,34.02,33.04,34.18,31.9,35182400
04.03.2020,34.53,33.93,34.53,35.34,32.28,44738600
05.03.2020,32.21,33.47,32.21,33.57,31.97,32764500
06.03.2020,31.68,31.23,31.68,32.41,30.45,34808700
09.03.2020,28.17,28.5,28.17,30.32,28.15,37439200
10.03.2020,28.97,29.47,28.97,29.86,27.0,36308300
11.03.2020,26.24,27.91,26.24,28.14,25.61,43067800
12.03.2020,22.61,23.26,22.61,24.69,22.11,54042000
13.03.2020,22.6,24.01,22.6,24.81,21.13,53844400
16.03.2020,20.29,20.15,20.29,21.49,19.1,56914000
17.03.2020,18.91,20.18,18.91,20.31,18.01,60003900
18.03.2020,14.82,17.76,14.82,17.8,13.71,78286200
19.03.2020,20.49,15.96,20.49,21.26,15.7,83988700
20.03.2020,21.33,22.53,21.33,23.89,20.61,76529700
23.03.2020,22.4,21.07,22.4,22.73,19.73,47787100
24.03.2020,26.39,24.41,26.39,26.84,23.59,58505000
25.03.2020,26.19,26.18,26.19,28.45,25.31,52473900
26.03.2020,28.12,26.6,28.12,28.44,25.78,41336400
27.03.2020,27.28,25.82,27.28,28.03,25.07,40292200
30.03.2020,27.83,26.33,27.83,28.39,25.31,37725700
31.03.2020,27.92,27.75,27.92,28.25,26.92,43126400
01.04.2020,25.42,26.5,25.42,26.77,24.81,38538400
02.04.2020,23.68,25.01,23.68,25.2,23.0,35838200
03.04.2020,22.82,23.73,22.82,23.79,21.67,40572000
06.04.2020,25.99,24.13,25.99,26.09,23.93,34692600
07.04.2020,25.74,27.95,25.74,28.11,25.5,36433800
08.04.2020,26.94,26.0,26.94,27.88,25.79,36166900
09.04.2020,27.11,27.88,27.11,28.89,26.46,36190200
13.04.2020,27.99,27.04,27.99,28.08,26.47,24671600
14.04.2020,27.75,28.0,27.75,28.77,27.01,32625300
15.04.2020,27.41,26.82,27.41,27.79,26.44,18720900
16.04.2020,27.03,27.21,27.03,28.05,26.46,24088700
17.04.2020,28.0,28.69,28.0,28.79,27.26,34129800
20.04.2020,28.19,27.07,28.19,28.76,26.9,32224000
21.04.2020,27.19,27.5,27.19,28.15,26.6,20969100
22.04.2020,28.24,27.97,28.24,28.56,27.51,21199400
23.04.2020,28.33,28.75,28.33,29.25,28.24,26992400
24.04.2020,29.49,28.51,29.49,29.59,28.14,20634900
27.04.2020,30.08,29.74,30.08,30.49,29.41,31705800
28.04.2020,30.12,31.0,30.12,31.83,29.36,27383200
29.04.2020,31.37,31.0,31.37,32.0,30.33,28288100
30.04.2020,30.27,30.5,30.27,31.05,29.75,20095400
01.05.2020,28.39,29.13,28.39,29.72,28.33,19290200
04.05.2020,27.42,27.56,27.42,28.07,26.58,23428300
05.05.2020,28.07,28.25,28.07,28.91,27.44,30725400
06.05.2020,27.82,27.5,27.82,28.06,26.81,31076500
07.05.2020,30.93,29.6,30.93,31.65,29.58,62229500
08.05.2020,32.79,32.59,32.79,33.3,31.64,69458100
11.05.2020,31.64,31.98,31.64,32.38,31.41,26439200
12.05.2020,32.4,31.42,32.4,34.45,30.41,89586000
13.05.2020,33.02,32.3,33.02,33.06,30.83,47279500
14.05.2020,32.79,32.53,32.79,33.04,31.24,32912600
15.05.2020,32.47,32.26,32.47,32.89,31.59,25950000
18.05.2020,33.62,33.7,33.62,36.0,32.99,47534600
19.05.2020,33.4,33.68,33.4,34.0,32.86,20223600
20.05.2020,34.48,34.12,34.48,34.77,33.82,21386700
21.05.2020,34.26,34.45,34.26,35.01,33.47,24075300
22.05.2020,34.83,34.15,34.83,34.93,33.57,18675700
26.05.2020,34.56,35.97,34.56,36.0,34.5,23483200
27.05.2020,34.88,34.42,34.88,35.0,33.1,27514600
28.05.2020,34.15,34.9,34.15,35.1,33.82,21951900
29.05.2020,36.32,34.18,36.32,36.45,34.0,72393800
01.06.2020,35.82,35.64,35.82,36.39,35.16,21893800
02.06.2020,35.81,36.16,35.81,36.42,35.26,19328400
03.06.2020,36.75,36.2,36.75,37.37,36.14,23051800
04.06.2020,36.43,36.42,36.43,37.3,36.28,17423600
05.06.2020,37.21,37.53,37.21,38.78,36.92,30393400
08.06.2020,37.08,37.87,37.08,37.9,36.09,30099500
09.06.2020,36.59,36.7,36.59,37.33,36.25,15127300
10.06.2020,34.83,36.69,34.83,36.8,34.26,43473700
11.06.2020,31.1,32.63,31.1,33.24,30.89,45298700
12.06.2020,32.24,32.73,32.24,32.74,31.04,27685200
15.06.2020,32.67,31.16,32.67,32.68,31.02,21350300
16.06.2020,33.49,34.0,33.49,34.17,32.43,21377100
17.06.2020,33.29,33.5,33.29,33.6,33.01,14827700
18.06.2020,33.4,33.0,33.4,33.44,32.8,15495800
19.06.2020,32.3,33.98,32.3,34.02,32.27,29426300
22.06.2020,32.68,32.43,32.68,32.85,31.43,17790300
23.06.2020,33.05,32.88,33.05,33.21,32.59,13622100
24.06.2020,30.46,32.75,30.46,32.93,30.45,29477200
25.06.2020,30.58,30.0,30.58,30.85,29.56,19142800
26.06.2020,29.61,30.44,29.61,30.44,29.21,46482300
29.06.2020,29.63,29.51,29.63,29.75,28.39,20795400
30.06.2020,31.08,30.83,31.08,31.25,30.13,21282800
01.07.2020,30.43,30.96,30.43,31.26,30.16,13611500
02.07.2020,30.68,31.02,30.68,31.57,30.51,14981100
06.07.2020,32.52,33.1,32.52,33.2,31.76,42392200
07.07.2020,32.82,32.46,32.82,33.56,32.39,34874700
08.07.2020,33.93,33.21,33.93,33.97,32.68,24602400
09.07.2020,33.15,34.24,33.15,34.46,32.26,25061800
10.07.2020,33.14,33.14,33.14,33.55,32.65,13586300
13.07.2020,31.72,33.21,31.72,33.6,31.66,19604800
14.07.2020,30.93,31.35,30.93,31.38,30.48,21781800
15.07.2020,32.81,32.1,32.81,32.97,31.68,20976500
16.07.2020,32.35,32.05,32.35,32.59,31.55,11090800
17.07.2020,32.55,32.58,32.55,32.82,31.85,13658700
20.07.2020,33.66,32.48,33.66,33.92,32.35,16213600
21.07.2020,32.55,34.16,32.55,34.23,32.53,16725100
22.07.2020,32.66,32.44,32.66,32.88,32.33,12128400
23.07.2020,32.17,32.33,32.17,33.02,31.98,12749800
24.07.2020,31.18,31.74,31.18,31.8,30.47,16896100
27.07.2020,30.99,31.21,30.99,31.6,30.75,10182300
28.07.2020,30.81,30.79,30.81,31.24,30.35,12977100
29.07.2020,31.02,30.92,31.02,31.26,30.77,8215900
30.07.2020,30.24,30.65,30.24,30.68,29.97,13062900
31.07.2020,30.26,30.4,30.26,30.42,29.78,16346800
03.08.2020,31.19,30.24,31.19,31.3,30.06,17078900
04.08.2020,32.68,31.17,32.68,32.85,31.17,21958100
05.08.2020,33.2,33.1,33.2,33.32,32.5,16987800
06.08.2020,34.71,33.27,34.71,34.79,33.21,38601500
07.08.2020,32.9,33.09,32.9,33.7,32.45,39071200
10.08.2020,32.27,33.04,32.27,33.18,31.51,21347600
11.08.2020,31.21,31.66,31.21,32.21,30.65,31569900
12.08.2020,30.84,31.46,30.84,32.22,30.69,23375900
13.08.2020,30.46,30.52,30.46,31.33,30.32,21976800
14.08.2020,29.99,30.4,29.99,30.49,29.82,17631600
17.08.2020,29.48,30.05,29.48,30.12,29.14,18544700
18.08.2020,30.08,29.5,30.08,30.46,29.41,29398200
19.08.2020,29.42,30.15,29.42,30.35,29.39,14050300
20.08.2020,31.41,29.13,31.41,31.7,28.48,56663300
21.08.2020,30.83,31.39,30.83,31.82,30.71,20217000
24.08.2020,31.04,30.97,31.04,31.3,30.37,17406200
25.08.2020,31.19,31.04,31.19,31.19,30.6,10056800
26.08.2020,32.3,31.01,32.3,32.71,30.95,20599800
27.08.2020,32.8,32.4,32.8,33.07,32.27,21306500
28.08.2020,33.8,33.0,33.8,33.94,32.82,17825600
31.08.2020,33.63,33.62,33.63,33.92,33.14,14980600
01.09.2020,34.3,33.45,34.3,34.51,33.15,16013900
02.09.2020,34.37,34.21,34.37,34.51,33.29,16552700
03.09.2020,33.41,34.08,33.41,34.74,32.95,17288800
04.09.2020,33.24,33.33,33.24,33.65,31.55,17480600
08.09.2020,34.32,32.36,34.32,35.1,32.16,33683500
09.09.2020,35.01,34.11,35.01,35.5,34.11,22803500
10.09.2020,35.98,35.2,35.98,36.78,35.19,35468300
11.09.2020,36.98,36.3,36.98,37.15,36.25,27130900
14.09.2020,37.95,37.1,37.95,38.0,37.08,28016000
15.09.2020,37.47,37.95,37.47,38.48,37.27,23532600
16.09.2020,37.66,37.39,37.66,38.52,37.39,21787100
17.09.2020,37.06,36.68,37.06,37.44,36.14,23534800
18.09.2020,37.12,37.15,37.12,37.56,36.39,68428600
21.09.2020,36.49,35.86,36.49,36.58,35.12,19100800
22.09.2020,34.4,36.53,34.4,36.55,34.1,28242800
23.09.2020,33.55,34.45,33.55,34.81,33.4,15796900
24.09.2020,33.35,33.66,33.35,34.0,32.89,16404100
25.09.2020,34.46,33.2,34.46,34.5,33.2,10736300
28.09.2020,35.56,35.8,35.56,36.62,35.26,22878400
29.09.2020,35.43,35.56,35.43,35.65,34.6,16488700
30.09.2020,36.48,35.28,36.48,36.5,35.28,21386300
01.10.2020,37.14,36.86,37.14,37.83,36.58,19187500
02.10.2020,37.72,36.0,37.72,37.99,35.94,20123400
05.10.2020,37.14,37.7,37.14,38.0,36.88,13093100
06.10.2020,36.26,37.17,36.26,37.37,36.04,13074700
07.10.2020,36.78,36.59,36.78,37.11,36.37,13782100
08.10.2020,37.34,37.0,37.34,37.83,36.96,12212400
09.10.2020,37.27,37.91,37.27,38.35,37.19,13172000
12.10.2020,36.26,37.56,36.26,37.56,36.17,16569400
13.10.2020,35.56,36.22,35.56,36.23,35.02,15463100
14.10.2020,35.11,35.69,35.11,36.09,35.08,15397200
15.10.2020,34.26,34.68,34.26,34.81,34.02,15443800
16.10.2020,33.72,34.78,33.72,34.8,33.61,14899700
19.10.2020,34.22,34.16,34.22,34.59,34.0,19278600
20.10.2020,36.31,34.53,36.31,36.76,34.53,29820700
21.10.2020,35.2,36.25,35.2,36.25,34.88,19058700
22.10.2020,36.7,35.42,36.7,36.89,34.92,14243600
23.10.2020,36.75,36.5,36.75,36.99,35.92,15960600
26.10.2020,35.49,36.5,35.49,36.74,35.12,12511700
27.10.2020,34.16,35.51,34.16,35.7,34.02,13692100
28.10.2020,33.65,33.62,33.65,33.66,32.9,15787900
29.10.2020,34.06,33.71,34.06,34.94,33.33,13735300
30.10.2020,33.41,33.91,33.41,34.39,33.15,13506200
02.11.2020,34.81,34.15,34.81,35.05,34.06,18350500
03.11.2020,35.77,35.27,35.77,36.15,35.15,16208800
04.11.2020,40.99,40.66,40.99,42.15,39.0,101818200
05.11.2020,41.96,40.33,41.96,42.05,40.01,34177600
06.11.2020,44.87,42.09,44.87,45.38,41.62,57670700
09.11.2020,48.18,48.01,48.18,49.62,47.3,61632300
10.11.2020,47.0,46.74,47.0,49.36,46.04,33079800
11.11.2020,46.23,46.72,46.23,47.52,45.91,19213700
12.11.2020,46.4,45.39,46.4,47.47,45.05,16251600
13.11.2020,47.61,47.11,47.61,47.79,45.93,15552400
16.11.2020,49.21,48.74,49.21,50.09,48.48,29301700
17.11.2020,48.89,48.72,48.89,49.62,48.5,16638300
18.11.2020,49.11,48.77,49.11,49.95,48.33,17783500
19.11.2020,49.26,49.1,49.26,49.91,48.65,13480300
20.11.2020,48.43,49.98,48.43,50.75,48.27,17330400
23.11.2020,50.04,48.66,50.04,50.88,48.51,17147100
24.11.2020,51.26,50.62,51.26,52.15,50.48,16216200
25.11.2020,50.8,51.27,50.8,51.45,49.92,11641600
27.11.2020,50.72,50.93,50.72,51.19,50.2,8339200
30.11.2020,49.66,50.22,49.66,51.01,48.53,17221500
01.12.2020,49.63,50.0,49.63,51.41,49.07,20605500
02.12.2020,53.09,49.26,53.09,53.45,48.53,30381500
03.12.2020,52.52,53.3,52.52,53.49,52.12,13122400
04.12.2020,54.86,52.71,54.86,54.86,52.71,22207900
07.12.2020,53.8,54.59,53.8,54.87,53.65,13764400
08.12.2020,53.01,52.4,53.01,54.22,52.35,26167300
09.12.2020,53.79,53.98,53.79,56.02,53.06,46777900
10.12.2020,54.35,52.33,54.35,54.62,51.3,20207700
11.12.2020,52.63,54.47,52.63,55.03,52.33,16817900
14.12.2020,51.46,53.27,51.46,53.44,51.24,19048500
15.12.2020,51.0,52.12,51.0,52.83,50.87,17504700
16.12.2020,50.49,51.18,50.49,51.68,50.29,19577800
17.12.2020,50.63,50.59,50.63,51.3,50.17,19688300
18.12.2020,50.62,50.81,50.62,50.95,49.52,24355200
21.12.2020,51.8,49.0,51.8,52.35,48.79,23562900
22.12.2020,53.78,52.11,53.78,54.36,51.92,23871800
23.12.2020,53.71,53.8,53.71,54.09,52.99,12671100
24.12.2020,52.88,53.6,52.88,53.62,52.29,6316800
28.12.2020,51.97,53.02,51.97,53.13,51.56,12059000
29.12.2020,52.27,52.33,52.27,52.99,51.47,10140600
30.12.2020,53.15,52.72,53.15,53.85,52.22,9518600
31.12.2020,51.0,53.28,51.0,53.28,51.0,13282800
04.01.2021,51.14,52.22,51.14,52.32,49.63,17291800
05.01.2021,54.01,51.0,54.01,54.19,50.76,21403200
06.01.2021,52.48,53.31,52.48,54.07,52.0,17738100
07.01.2021,56.13,53.37,56.13,56.25,53.2,23737500
08.01.2021,53.28,54.4,53.28,54.79,52.58,37999400
11.01.2021,54.59,53.11,54.59,55.0,52.99,23213800
12.01.2021,58.54,55.5,58.54,59.39,55.0,52128200
13.01.2021,59.4,58.54,59.4,59.88,57.53,24178500
14.01.2021,56.91,60.0,56.91,60.03,56.7,26561000
15.01.2021,55.52,57.49,55.52,57.9,55.0,23708800
19.01.2021,56.3,56.39,56.3,56.84,55.0,16953700
20.01.2021,56.38,57.0,56.38,57.98,55.47,16904300
21.01.2021,55.79,56.57,55.79,57.0,55.31,13432000
22.01.2021,54.31,55.25,54.31,55.47,54.01,19570500
25.01.2021,54.29,54.5,54.29,54.52,49.65,40890100
26.01.2021,51.92,54.62,51.92,55.52,51.53,25677000
27.01.2021,48.11,49.97,48.11,50.86,47.15,33283400
28.01.2021,51.58,50.12,51.58,52.52,49.88,28114700
29.01.2021,50.93,50.63,50.93,51.49,49.63,18743200
01.02.2021,52.76,52.12,52.76,52.9,51.35,15570900
02.02.2021,56.46,55.11,56.46,58.03,54.89,30286800
03.02.2021,57.12,57.87,57.12,58.13,56.74,13519000
04.02.2021,57.85,56.45,57.85,57.85,56.11,13841600
05.02.2021,58.58,58.16,58.58,58.71,57.37,15729200
08.02.2021,59.29,59.7,59.29,60.11,58.69,18403700
09.02.2021,59.61,58.91,59.61,61.06,58.62,23510700
10.02.2021,63.18,62.0,63.18,63.5,60.8,36972900
11.02.2021,60.71,63.25,60.71,64.05,60.4,41363400
12.02.2021,60.63,60.12,60.63,60.93,59.31,14607800
16.02.2021,60.52,61.02,60.52,61.31,59.84,15413100
17.02.2021,60.81,60.33,60.81,60.95,58.95,12670000
18.02.2021,59.0,60.0,59.0,60.29,58.23,15135600
19.02.2021,58.39,58.36,58.39,60.46,58.11,28097000
22.02.2021,55.31,57.76,55.31,58.1,54.82,25565400
23.02.2021,56.0,53.5,56.0,56.37,51.89,23947500
24.02.2021,53.91,54.95,53.91,55.15,53.66,24627000
25.02.2021,51.45,54.58,51.45,54.6,50.86,27049100
26.02.2021,51.75,52.07,51.75,52.75,50.61,16349800
01.03.2021,54.4,53.67,54.4,54.76,53.3,18481100
02.03.2021,54.65,55.54,54.65,55.62,54.19,15199500
03.03.2021,56.11,55.93,56.11,57.8,54.65,28485400
04.03.2021,53.07,55.75,53.07,57.16,51.61,27409600
05.03.2021,55.54,54.28,55.54,55.83,50.81,31576200
08.03.2021,53.2,55.5,53.2,56.45,52.89,19912100
09.03.2021,55.25,56.0,55.25,56.15,54.72,17192900
10.03.2021,57.68,57.21,57.68,58.9,56.27,27997000
11.03.2021,58.95,58.8,58.95,59.48,58.22,17293800
12.03.2021,60.35,58.97,60.35,60.59,57.62,14839300
15.03.2021,60.19,60.35,60.19,60.53,59.12,14985000
16.03.2021,58.85,59.99,58.85,61.02,58.38,12885700
17.03.2021,56.36,57.07,56.36,57.57,55.54,25509900
18.03.2021,55.69,56.63,55.69,57.48,55.21,15737000
19.03.2021,57.08,55.48,57.08,57.18,54.34,17396300
22.03.2021,55.69,57.25,55.69,57.61,55.47,14149400
23.03.2021,53.49,55.63,53.49,55.63,53.11,14513500
24.03.2021,52.57,54.46,52.57,54.96,52.54,13700800
25.03.2021,53.89,52.0,53.89,54.28,51.8,13210700
26.03.2021,54.71,54.41,54.71,55.25,53.52,13528200
29.03.2021,53.35,54.8,53.35,54.8,52.85,9724800
30.03.2021,53.46,52.99,53.46,54.12,52.64,9497200
31.03.2021,54.51,53.96,54.51,55.18,53.58,14760500
01.04.2021,57.6,55.61,57.6,57.63,54.81,18703400
05.04.2021,57.4,58.1,57.4,58.42,56.64,13490200
06.04.2021,58.05,57.34,58.05,58.99,57.16,13579200
07.04.2021,56.89,58.02,56.89,58.13,55.95,12921900
08.04.2021,57.83,56.65,57.83,57.94,56.54,9498500
09.04.2021,57.68,57.32,57.68,57.88,56.4,10228500
12.04.2021,59.44,59.05,59.44,60.77,58.75,36041300
13.04.2021,60.64,59.65,60.64,61.01,58.53,21006100
14.04.2021,59.23,60.11,59.23,61.5,59.18,18959800
15.04.2021,60.74,59.88,60.74,61.09,59.55,17500200
16.04.2021,60.35,60.74,60.35,60.85,59.54,11856100
19.04.2021,57.85,60.0,57.85,60.22,57.52,16956900
20.04.2021,55.48,58.0,55.48,58.12,55.24,19081100
21.04.2021,55.77,55.0,55.77,56.2,54.61,11523900
22.04.2021,56.28,55.85,56.28,57.22,55.19,16936200
23.04.2021,57.93,56.56,57.93,57.95,56.39,8758800
26.04.2021,57.61,58.05,57.61,58.36,57.33,8361600
27.04.2021,57.16,58.32,57.16,58.4,57.05,12926800
28.04.2021,58.44,56.88,58.44,58.48,56.66,9269700
29.04.2021,54.93,59.0,54.93,59.22,53.11,43408000
30.04.2021,54.77,54.3,54.77,55.65,54.11,16736600
03.05.2021,54.85,55.12,54.85,56.13,54.84,13903300
04.05.2021,52.99,54.52,52.99,54.72,52.01,19336600
05.05.2021,51.18,53.87,51.18,54.07,50.63,43970500
06.05.2021,46.65,48.39,46.65,49.81,45.72,79242400
07.05.2021,47.03,47.22,47.03,48.6,46.53,27933900
10.05.2021,45.79,47.71,45.79,47.85,45.6,28309800
11.05.2021,46.21,44.5,46.21,46.79,44.18,29106900
12.05.2021,43.81,45.9,43.81,46.1,43.17,32117400
13.05.2021,44.48,44.99,44.48,46.1,43.56,36205100
14.05.2021,47.42,45.03,47.42,47.71,44.85,25323300
17.05.2021,47.51,47.24,47.51,47.94,46.51,17475300
18.05.2021,49.17,49.67,49.17,50.29,48.53,28244400
19.05.2021,49.47,47.53,49.47,49.83,47.37,16517500
20.05.2021,49.33,49.57,49.33,49.95,48.76,18822300
21.05.2021,48.82,49.57,48.82,49.95,48.76,20013200
24.05.2021,50.03,49.33,50.03,50.4,48.85,16768400
25.05.2021,50.46,50.74,50.46,51.59,50.44,16930900
26.05.2021,51.12,50.32,51.12,51.36,49.76,16393700
27.05.2021,50.71,51.44,50.71,51.69,48.72,51346000
28.05.2021,50.83,50.67,50.83,51.74,50.47,14226800
01.06.2021,50.98,51.62,50.98,51.66,49.84,16583800
02.06.2021,50.79,51.19,50.79,51.41,50.55,13484200
03.06.2021,48.7,50.43,48.7,50.5,48.53,14712900
04.06.2021,50.18,49.56,50.18,50.22,49.07,10409800
07.06.2021,50.76,50.49,50.76,51.22,49.75,16466200
08.06.2021,49.88,50.7,49.88,51.4,48.66,19672700
09.06.2021,49.14,50.0,49.14,50.17,49.11,12615200
10.06.2021,49.55,49.69,49.55,49.9,48.42,14926500
11.06.2021,50.01,50.03,50.01,50.36,49.53,12127100
14.06.2021,50.77,50.06,50.77,51.49,49.56,15437300
15.06.2021,49.3,49.55,49.3,49.96,49.09,20358600
16.06.2021,48.89,49.35,48.89,49.66,48.29,18975800
17.06.2021,49.7,48.96,49.7,49.83,48.31,18911400
18.06.2021,49.7,49.31,49.7,50.39,48.78,20633500
21.06.2021,48.12,49.72,48.12,49.86,47.9,30752200
22.06.2021,49.05,48.3,49.05,49.34,47.75,19472500
23.06.2021,50.51,49.06,50.51,50.77,49.01,19843300
24.06.2021,50.82,51.3,50.82,51.55,50.22,12403300
25.06.2021,51.73,51.18,51.73,51.83,50.53,25727800
28.06.2021,51.11,51.75,51.11,52.36,50.37,22518000
29.06.2021,50.76,51.0,50.76,51.3,50.24,14104200
30.06.2021,50.12,51.02,50.12,51.13,49.71,18069400
01.07.2021,50.59,50.88,50.59,51.6,50.02,17727600
02.07.2021,51.71,50.57,51.71,51.83,50.39,13690400
06.07.2021,50.8,50.6,50.8,52.03,50.4,21357800
07.07.2021,48.68,50.8,48.68,51.03,48.54,24559500
08.07.2021,47.55,47.16,47.55,48.21,46.57,24930200
09.07.2021,49.07,47.84,49.07,49.25,47.71,15401000
12.07.2021,48.41,48.87,48.41,49.29,48.09,14142300
13.07.2021,48.08,48.49,48.08,48.59,47.75,11283600
14.07.2021,47.15,48.28,47.15,48.59,47.11,15837000
15.07.2021,46.42,46.86,46.42,47.46,46.15,17225300
16.07.2021,46.19,46.4,46.19,47.09,46.01,18224500
19.07.2021,45.56,45.0,45.56,45.75,44.44,20890600
20.07.2021,46.32,45.46,46.32,46.66,45.07,13851400
21.07.2021,47.52,46.53,47.52,47.94,46.35,14953700
22.07.2021,47.57,47.7,47.57,48.17,47.24,11560800
23.07.2021,47.46,47.61,47.46,47.69,46.78,9540700
26.07.2021,46.81,47.04,46.81,47.6,46.37,12498000
27.07.2021,45.82,46.54,45.82,46.66,44.76,16874200
28.07.2021,46.14,45.88,46.14,46.96,45.81,19510300
29.07.2021,44.69,44.12,44.69,45.21,44.0,51033700
30.07.2021,43.46,44.38,43.46,44.73,43.34,22194900
02.08.2021,43.49,44.1,43.49,44.29,43.44,26579900
03.08.2021,42.79,43.56,42.79,43.68,41.62,37622200
04.08.2021,41.81,42.7,41.81,42.82,41.37,42969100
05.08.2021,43.07,40.5,43.07,44.65,40.15,60871500
06.08.2021,44.28,43.74,44.28,44.94,43.65,25514900
09.08.2021,43.25,44.19,43.25,44.27,43.21,19238400
10.08.2021,43.5,43.7,43.5,44.24,43.25,26675200
11.08.2021,43.08,43.41,43.08,43.5,42.0,21766100
12.08.2021,42.73,42.86,42.73,42.97,42.18,16549100
13.08.2021,42.22,42.8,42.22,43.03,42.2,8598800
16.08.2021,41.5,41.76,41.5,41.79,40.86,19223500
17.08.2021,41.0,41.0,41.0,41.48,40.58,20364400
18.08.2021,40.88,40.97,40.88,41.53,40.8,13682300
19.08.2021,39.86,40.28,39.86,40.6,39.51,22471400
20.08.2021,39.95,39.69,39.95,40.08,39.24,18080700
23.08.2021,41.0,39.0,41.0,41.08,38.84,33901300
24.08.2021,40.17,41.1,40.17,41.21,39.97,44872800
25.08.2021,41.55,40.44,41.55,42.11,40.04,26498400
26.08.2021,40.62,41.49,40.62,41.94,40.54,17473400
27.08.2021,40.69,40.53,40.69,41.31,40.5,13612500
30.08.2021,39.59,40.58,39.59,40.74,39.11,29516300
31.08.2021,39.14,39.81,39.14,40.28,39.12,26396000
01.09.2021,40.62,39.98,40.62,41.67,39.87,27788600
02.09.2021,41.4,40.75,41.4,41.86,40.54,20645400
03.09.2021,40.32,41.22,40.32,41.58,40.23,15444900
07.09.2021,40.95,40.49,40.95,41.08,40.31,15708600
08.09.2021,40.07,40.85,40.07,41.34,39.83,16219900
09.09.2021,40.35,40.1,40.35,40.95,39.84,14260300
10.09.2021,39.89,40.62,39.89,40.83,39.87,14230600
13.09.2021,40.07,40.26,40.07,41.19,39.26,28868800
14.09.2021,39.01,39.9,39.01,40.1,38.55,36717300
15.09.2021,38.48,39.0,38.48,39.0,38.08,30368800
16.09.2021,39.52,38.3,39.52,39.67,38.09,25374000
17.09.2021,39.75,39.9,39.75,40.22,39.29,32165000
20.09.2021,39.79,38.88,39.79,40.22,38.73,35417600
21.09.2021,44.36,42.34,44.36,45.0,42.18,106631700
22.09.2021,44.87,44.9,44.87,46.62,44.61,56455100
23.09.2021,45.48,45.35,45.48,45.84,44.71,26232800
24.09.2021,46.63,45.46,46.63,47.04,45.29,29458300
27.09.2021,47.25,46.77,47.25,47.43,46.19,23034800
28.09.2021,45.98,46.7,45.98,47.0,45.76,23707900
29.09.2021,44.52,46.0,44.52,46.53,44.3,24599500
30.09.2021,44.8,44.71,44.8,45.37,43.86,16650600
01.10.2021,47.05,45.92,47.05,47.25,45.79,25428300
04.10.2021,45.72,46.47,45.72,46.83,45.2,21588200
05.10.2021,45.61,45.91,45.61,46.08,45.35,12433900
06.10.2021,47.01,45.33,47.01,47.18,45.0,24868700
07.10.2021,47.91,47.64,47.91,48.24,46.89,25961600
08.10.2021,47.77,48.08,47.77,48.88,47.6,17980400
11.10.2021,46.29,47.7,46.29,47.87,46.28,16336800
12.10.2021,46.72,46.33,46.72,47.05,46.15,12404200
13.10.2021,46.41,46.26,46.41,47.0,45.94,13754400
14.10.2021,47.28,46.98,47.28,47.94,46.84,18514000
15.10.2021,48.36,47.91,48.36,48.84,47.34,20581700
18.10.2021,47.07,47.68,47.07,47.95,46.75,19806700
19.10.2021,47.05,47.2,47.05,47.69,46.74,16500200
20.10.2021,46.0,47.15,46.0,47.54,45.93,15570900
21.10.2021,46.47,45.97,46.47,47.54,45.52,15741000
22.10.2021,45.51,46.0,45.51,46.5,45.23,19259200
25.10.2021,45.72,45.67,45.72,46.07,45.02,12955500
26.10.2021,46.02,46.28,46.02,47.69,45.86,19491800
27.10.2021,44.73,46.47,44.73,46.55,44.17,26999800
28.10.2021,44.62,45.0,44.62,45.41,44.38,14768800
29.10.2021,43.82,44.49,43.82,44.8,43.57,18283200
01.11.2021,44.36,44.07,44.36,45.03,43.65,20983900
02.11.2021,42.89,44.34,42.89,44.35,42.33,28002600
03.11.2021,45.72,45.33,45.72,46.26,44.71,38499600
04.11.2021,45.27,45.54,45.27,46.53,44.99,31903000
05.11.2021,47.19,47.5,47.19,48.74,46.61,45641500
08.11.2021,45.89,47.08,45.89,47.65,45.82,25257900
09.11.2021,45.51,45.91,45.51,45.98,43.68,33588900
10.11.2021,43.38,44.9,43.38,45.25,42.6,33712200
11.11.2021,43.28,43.32,43.28,43.72,42.44,27307800
12.11.2021,45.12,43.57,45.12,45.13,43.57,29804600
15.11.2021,43.61,45.11,43.61,45.26,43.56,19690000
16.11.2021,45.76,45.54,45.76,46.66,44.86,46219700
17.11.2021,44.11,45.36,44.11,45.64,43.9,25036400
18.11.2021,45.0,44.53,45.0,45.33,43.58,27839900
19.11.2021,44.23,43.93,44.23,44.72,43.5,21465500
22.11.2021,42.6,43.96,42.6,44.4,41.81,31355200
23.11.2021,42.68,42.38,42.68,43.14,41.6,18099400
24.11.2021,42.08,42.0,42.08,42.37,41.24,17118200
26.11.2021,40.52,39.61,40.52,40.62,38.77,35453600
29.11.2021,39.7,41.06,39.7,41.25,38.78,27724400
30.11.2021,38.0,39.25,38.0,39.95,37.03,55268500
01.12.2021,36.02,39.45,36.02,39.5,35.8,47316400
02.12.2021,38.12,36.55,38.12,38.4,36.45,32267000
03.12.2021,35.85,37.42,35.85,37.84,35.26,47392700
06.12.2021,38.49,35.95,38.49,38.69,35.44,36689200
07.12.2021,38.08,39.4,38.08,40.22,37.76,40443300
08.12.2021,38.81,38.3,38.81,39.41,38.01,29688600
09.12.2021,37.54,38.44,37.54,38.7,37.47,22994800
10.12.2021,36.67,37.41,36.67,37.87,36.61,25760600
13.12.2021,35.73,36.18,35.73,36.31,34.88,38394700
14.12.2021,37.26,35.25,37.26,38.45,35.21,45491700
15.12.2021,37.83,36.91,37.83,38.38,36.24,37612600
16.12.2021,37.7,38.25,37.7,38.58,37.12,31478400
17.12.2021,39.68,37.2,39.68,40.0,36.74,51048100
20.12.2021,39.7,38.45,39.7,40.15,38.08,28153700
21.12.2021,41.97,39.82,41.97,42.08,39.82,28385200
22.12.2021,43.02,41.95,43.02,43.23,41.45,27675700
23.12.2021,43.91,43.03,43.91,44.35,42.76,21763400
27.12.2021,42.96,43.44,42.96,44.24,42.82,28285000
28.12.2021,42.54,42.6,42.54,43.74,42.3,21481000
29.12.2021,42.46,42.72,42.46,42.93,41.81,15908600
30.12.2021,42.66,42.29,42.66,43.34,42.2,13516300
31.12.2021,41.93,42.53,41.93,43.12,41.93,13746900
03.01.2022,43.95,42.48,43.95,44.4,41.89,26089000
04.01.2022,44.42,44.23,44.42,44.8,42.58,30845300
05.01.2022,43.24,44.29,43.24,45.9,42.86,28498700
06.01.2022,42.03,43.11,42.03,44.08,40.97,32434300
07.01.2022,41.51,42.0,41.51,42.65,41.2,24875800
10.01.2022,42.6,41.48,42.6,42.81,40.16,29783800
11.01.2022,43.62,42.36,43.62,44.17,42.19,22161000
12.01.2022,43.04,43.99,43.04,44.1,42.53,18993900
13.01.2022,42.87,43.34,42.87,43.92,42.72,17190100
14.01.2022,41.51,42.4,41.51,42.72,40.35,25817800
18.01.2022,38.41,40.96,38.41,40.96,38.37,36873700
19.01.2022,37.86,38.21,37.86,38.89,37.12,35552500
20.01.2022,37.82,38.29,37.82,39.64,37.75,21720100
21.01.2022,35.94,37.41,35.94,37.6,35.85,41836800
24.01.2022,36.28,34.91,36.28,36.42,33.51,49261600
25.01.2022,34.82,35.47,34.82,36.09,34.51,29577000
26.01.2022,34.8,36.07,34.8,36.68,34.45,29495900
27.01.2022,34.09,35.37,34.09,35.79,33.94,26086700
28.01.2022,35.21,34.17,35.21,35.22,32.81,28007100
31.01.2022,37.4,35.34,37.4,37.54,35.3,22899300
01.02.2022,38.61,37.63,38.61,38.71,37.2,19669900
02.02.2022,37.17,38.53,37.17,38.62,37.03,19591100
03.02.2022,34.54,36.08,34.54,36.74,34.3,32192100
04.02.2022,37.05,35.0,37.05,37.35,34.36,33082100
07.02.2022,37.54,36.99,37.54,39.05,36.99,30303200
08.02.2022,38.34,37.25,38.34,38.57,36.95,25857600
09.02.2022,40.19,38.81,40.19,40.4,38.16,52614100
10.02.2022,37.75,41.0,37.75,42.56,37.35,113915000
11.02.2022,35.29,37.96,35.29,38.65,34.48,72568400
14.02.2022,34.59,35.2,34.59,35.99,34.32,44556700
15.02.2022,37.09,35.44,37.09,37.21,35.11,38183500
16.02.2022,36.58,36.63,36.58,37.39,36.27,33165900
17.02.2022,35.71,36.13,35.71,37.43,35.41,28432100
18.02.2022,34.68,35.52,34.68,36.33,34.67,28199900
22.02.2022,33.68,34.21,33.68,35.1,33.28,28731300
23.02.2022,32.39,33.89,32.39,34.21,32.3,27254800
24.02.2022,34.87,29.97,34.87,34.95,29.71,42978100
25.02.2022,34.98,34.84,34.98,35.27,34.01,23691500
28.02.2022,36.03,35.26,36.03,36.31,34.99,44865200
01.03.2022,33.89,35.45,33.89,35.6,33.65,31436200
02.03.2022,34.04,34.0,34.04,34.22,32.97,26112500
03.03.2022,31.72,34.22,31.72,34.29,31.42,38337600
04.03.2022,29.83,31.5,29.83,31.73,29.27,52098700
07.03.2022,28.57,31.48,28.57,31.94,28.55,60265800
08.03.2022,30.74,28.51,30.74,31.57,28.28,55014700
09.03.2022,31.5,31.75,31.5,32.73,31.2,33734500
10.03.2022,30.41,30.86,30.41,31.15,29.84,30785900
11.03.2022,30.76,31.3,30.76,31.39,30.42,29454700
14.03.2022,29.27,30.51,29.27,30.55,28.8,41897400
15.03.2022,29.8,29.52,29.8,30.41,29.06,33060500
16.03.2022,32.61,30.53,32.61,32.63,30.27,34688800
17.03.2022,32.85,32.34,32.85,32.92,31.57,27278600
18.03.2022,33.36,32.52,33.36,33.42,32.33,35827800
21.03.2022,31.98,32.82,31.98,32.82,31.25,35200600
22.03.2022,33.35,31.93,33.35,33.6,31.84,21852800
23.03.2022,33.06,32.71,33.06,33.68,32.57,19024700
24.03.2022,34.7,34.74,34.7,34.95,33.44,52533600
25.03.2022,34.06,34.55,34.06,34.92,33.55,28078800
28.03.2022,34.77,34.14,34.77,34.91,33.73,22175200
29.03.2022,37.19,35.57,37.19,37.45,35.57,37969000
30.03.2022,36.58,36.66,36.58,37.09,36.21,22306500
31.03.2022,35.68,36.5,35.68,36.73,35.37,20608700
01.04.2022,35.98,35.68,35.98,36.48,35.4,16793300
04.04.2022,36.51,36.4,36.51,36.93,36.22,20217800
05.04.2022,34.96,36.35,34.96,36.61,34.72,20984200
06.04.2022,33.41,33.85,33.41,34.0,32.55,28854800
07.04.2022,32.27,33.34,32.27,33.34,31.02,34581000
08.04.2022,32.05,31.92,32.05,32.55,31.58,17991000
11.04.2022,32.04,31.36,32.04,32.69,31.11,19680300
12.04.2022,31.99,32.4,31.99,33.1,31.71,32619800
13.04.2022,32.63,32.0,32.63,33.11,31.93,20186400
14.04.2022,32.68,32.86,32.68,33.47,32.64,18763000
18.04.2022,31.79,32.55,31.79,32.6,31.42,24413800
19.04.2022,33.8,32.16,33.8,33.99,31.97,23319600
20.04.2022,33.21,33.99,33.21,34.32,33.18,21330500
21.04.2022,31.68,34.25,31.68,34.41,31.37,32937100
22.04.2022,30.83,31.62,30.83,32.22,30.8,22748900
25.04.2022,32.44,30.59,32.44,32.5,30.46,29416300
26.04.2022,31.33,32.04,31.33,32.2,31.0,26981900
27.04.2022,30.68,31.1,30.68,31.98,30.16,30762600
28.04.2022,32.82,31.0,32.82,32.87,30.98,30251600
29.04.2022,31.48,32.52,31.48,33.15,31.41,24948600
02.05.2022,30.39,31.24,30.39,31.35,29.51,45651000
03.05.2022,29.47,30.15,29.47,30.59,28.85,58340700
04.05.2022,28.1,27.41,28.1,28.4,25.9,115601800
05.05.2022,26.83,27.87,26.83,28.83,26.2,52804200
06.05.2022,26.07,26.84,26.07,26.84,24.75,56575100
09.05.2022,23.05,25.41,23.05,26.07,22.8,58095900
10.05.2022,23.67,23.85,23.67,24.55,22.8,47982500
11.05.2022,22.57,23.28,22.57,24.15,22.5,51137700
12.05.2022,23.29,22.15,23.29,24.06,21.69,63999300
13.05.2022,24.39,23.88,24.39,24.87,23.68,53577600
16.05.2022,23.59,24.31,23.59,24.46,23.4,27285200
17.05.2022,24.2,24.32,24.2,24.9,23.59,33859400
18.05.2022,22.46,23.98,22.46,24.19,22.34,35747300
19.05.2022,23.24,22.29,23.24,23.81,22.2,36461200
20.05.2022,23.35,23.81,23.35,24.1,22.41,32104700
23.05.2022,23.78,23.32,23.78,23.83,22.71,35204800
24.05.2022,21.55,23.69,21.55,23.74,21.41,40726100
25.05.2022,22.04,21.71,22.04,22.35,21.27,31270800
26.05.2022,23.1,22.15,23.1,23.28,21.92,30199400
27.05.2022,23.67,23.49,23.67,24.13,23.33,29710200
31.05.2022,23.2,23.5,23.2,23.9,23.03,33194800
01.06.2022,22.94,23.53,22.94,23.87,22.57,26383600
02.06.2022,24.74,23.07,24.74,24.83,22.94,30691100
03.06.2022,24.15,24.17,24.15,24.5,23.73,24283600
06.06.2022,24.73,24.86,24.73,25.43,24.28,29834700
07.06.2022,25.3,24.2,25.3,25.7,24.07,27453700
08.06.2022,25.83,25.7,25.83,26.55,25.3,31225300
09.06.2022,25.44,25.94,25.44,26.69,25.35,42063600
10.06.2022,23.72,24.8,23.72,24.97,23.65,29868000
13.06.2022,21.57,22.22,21.57,22.58,21.34,33130300
14.06.2022,21.09,21.72,21.09,21.95,20.89,43006300
15.06.2022,22.03,21.34,22.03,22.39,21.24,36073700
16.06.2022,20.47,21.04,20.47,21.4,20.16,55312400
17.06.2022,21.81,20.37,21.81,21.96,20.37,46728400
21.06.2022,21.76,22.0,21.76,22.46,21.69,35257700
22.06.2022,21.5,21.41,21.5,22.21,21.3,32314400
23.06.2022,22.37,21.63,22.37,22.44,21.39,27010500
24.06.2022,23.03,22.48,23.03,23.19,22.3,38140100
27.06.2022,22.86,23.45,22.86,23.64,22.34,27153400
28.06.2022,22.08,22.97,22.08,23.46,22.04,24350100
29.06.2022,21.47,22.11,21.47,22.15,21.08,30704800
30.06.2022,20.46,21.11,20.46,21.13,19.9,30882500
01.07.2022,21.34,20.7,21.34,21.37,20.43,20693300
05.07.2022,22.52,21.17,22.52,22.55,20.83,24500300
06.07.2022,21.5,21.5,21.5,22.08,21.32,32689400
07.07.2022,22.74,21.64,22.74,22.76,21.61,23121900
08.07.2022,22.34,22.43,22.34,22.96,21.83,20231300
11.07.2022,21.19,21.95,21.19,22.25,21.14,17546900
12.07.2022,21.57,21.28,21.57,21.78,20.98,17373500
13.07.2022,21.5,20.93,21.5,21.61,20.72,18994900
14.07.2022,20.65,21.25,20.65,21.47,20.59,31561700
15.07.2022,21.67,21.0,21.67,21.78,20.76,24503600
18.07.2022,22.58,22.17,22.58,23.2,22.11,30935900
19.07.2022,22.67,22.75,22.67,23.08,22.19,23148900
20.07.2022,24.12,22.89,24.12,24.22,22.81,27844600
21.07.2022,24.23,24.02,24.23,24.25,23.6,18425400
22.07.2022,23.3,24.33,23.3,24.81,23.08,20209400
25.07.2022,23.35,23.27,23.35,23.54,22.63,12923000
26.07.2022,22.55,23.15,22.55,23.15,22.45,24402800
27.07.2022,23.09,23.0,23.09,23.32,22.49,28384300
28.07.2022,23.31,22.89,23.31,23.42,22.14,22886100
29.07.2022,23.45,23.18,23.45,23.49,22.39,29406600
01.08.2022,24.6,23.43,24.6,24.62,22.89,46960700
02.08.2022,29.25,28.49,29.25,29.43,27.1,107926300
03.08.2022,30.19,29.72,30.19,31.43,29.36,62061200
04.08.2022,31.85,29.78,31.85,32.23,29.6,55573600
05.08.2022,32.01,31.2,32.01,32.63,31.04,39963600
08.08.2022,31.85,32.33,31.85,32.96,31.66,28064900
09.08.2022,31.06,31.37,31.06,31.55,30.72,27042900
10.08.2022,32.8,32.44,32.8,33.19,32.23,31318100
11.08.2022,32.24,33.16,32.24,33.36,32.04,24624600
12.08.2022,32.47,32.59,32.47,32.76,31.7,21950700
15.08.2022,32.49,32.1,32.49,32.91,31.93,14149200
16.08.2022,32.38,32.08,32.38,32.72,31.33,28072300
17.08.2022,30.72,31.65,30.72,31.71,30.44,24239400
18.08.2022,30.15,30.56,30.15,30.62,29.86,20831600
19.08.2022,29.01,29.5,29.01,29.57,28.63,24180900
22.08.2022,28.0,28.34,28.0,28.81,27.87,20233100
23.08.2022,27.81,28.06,27.81,28.67,27.75,24298300
24.08.2022,28.71,27.93,28.71,29.22,27.85,20022500
25.08.2022,29.62,28.89,29.62,29.64,28.81,15470900
26.08.2022,28.58,29.51,28.58,29.71,28.36,16490800
29.08.2022,28.74,28.1,28.74,29.19,28.06,17245100
30.08.2022,28.71,29.18,28.71,29.29,28.12,24409300
31.08.2022,28.76,29.11,28.76,29.88,28.75,20740700
01.09.2022,28.92,28.17,28.92,28.95,27.69,17828100
02.09.2022,29.05,29.5,29.05,29.64,28.65,14604400
06.09.2022,28.89,29.34,28.89,29.37,28.28,20422800
07.09.2022,30.03,28.91,30.03,30.15,28.82,20632200
08.09.2022,30.68,29.42,30.68,30.9,29.29,29393500
09.09.2022,31.78,31.0,31.78,32.05,30.89,28055900
12.09.2022,32.5,31.95,32.5,32.62,31.85,29349900
13.09.2022,31.32,30.69,31.32,31.78,30.22,29364700
14.09.2022,33.05,31.25,33.05,33.14,31.1,34493400
15.09.2022,33.13,32.95,33.13,34.33,32.74,41849100
16.09.2022,31.93,30.96,31.93,32.15,30.88,50970700
19.09.2022,31.49,31.44,31.49,31.98,31.06,22867600
20.09.2022,31.49,31.49,31.49,32.56,31.19,23652400
21.09.2022,30.47,31.45,30.47,31.67,30.35,22328400
22.09.2022,28.58,30.19,28.58,30.19,28.53,29038100
23.09.2022,27.82,28.01,27.82,28.34,27.36,26472600
26.09.2022,26.89,27.71,26.89,28.16,26.82,24953800
27.09.2022,27.57,27.67,27.57,28.49,27.16,22392800
28.09.2022,28.04,27.43,28.04,28.16,27.19,21290400
29.09.2022,26.42,27.66,26.42,27.72,26.0,26160700
30.09.2022,26.5,26.16,26.5,27.31,26.16,23894900
03.10.2022,26.72,26.76,26.72,26.9,25.96,19940800
04.10.2022,29.19,27.62,29.19,29.25,27.6,25462200
05.10.2022,29.18,28.48,29.18,29.65,28.31,21458500
06.10.2022,29.73,29.2,29.73,30.24,28.96,25399500
07.10.2022,28.07,28.83,28.07,28.86,27.92,19690200
10.10.2022,27.53,28.24,27.53,28.45,27.23,13413500
11.10.2022,24.66,25.55,24.66,26.05,22.94,92468800
12.10.2022,25.98,25.05,25.98,26.11,24.56,30945900
13.10.2022,25.0,24.47,25.0,26.02,24.19,32838500
14.10.2022,24.71,25.65,24.71,26.07,24.66,22540000
17.10.2022,25.94,25.26,25.94,26.26,25.08,25074900
18.10.2022,27.61,27.07,27.61,27.71,26.5,25643300
19.10.2022,27.53,27.06,27.53,27.73,26.85,15428500
20.10.2022,27.87,27.32,27.87,28.68,27.24,20835300
21.10.2022,28.02,27.5,28.02,28.43,27.16,20651600
24.10.2022,27.65,27.71,27.65,27.98,26.51,19194200
25.10.2022,28.36,28.0,28.36,28.55,27.33,17366400
26.10.2022,28.2,28.17,28.2,28.98,27.86,17315900
27.10.2022,27.82,28.4,27.82,28.76,27.66,16768600
28.10.2022,27.5,27.81,27.5,27.88,26.49,27116700
31.10.2022,26.57,27.61,26.57,27.73,26.3,37327000
01.11.2022,29.75,30.07,29.75,31.0,29.12,87994000
02.11.2022,28.81,29.57,28.81,30.16,28.63,37083500
03.11.2022,28.73,28.03,28.73,29.52,27.71,28033200
04.11.2022,28.39,29.44,28.39,29.73,28.04,22304200
07.11.2022,27.69,28.7,27.69,28.83,27.61,19204100
08.11.2022,27.44,27.57,27.44,28.33,26.82,27033900
09.11.2022,26.55,27.31,26.55,28.0,26.44,21186300
10.11.2022,28.85,28.38,28.85,29.32,28.1,35196900
11.11.2022,29.15,28.95,29.15,30.43,28.7,35861100
14.11.2022,29.07,28.85,29.07,29.7,28.79,24426200
15.11.2022,31.57,30.25,31.57,31.82,30.0,43066500
16.11.2022,30.04,30.95,30.04,31.16,29.83,26540200
17.11.2022,28.88,29.1,28.88,29.5,28.4,22684100
18.11.2022,28.96,29.21,28.96,29.41,28.7,15676300
21.11.2022,28.25,28.52,28.25,28.71,28.01,16159400
22.11.2022,28.08,28.27,28.08,28.33,27.31,20368600
23.11.2022,28.79,28.36,28.79,28.94,28.14,12964900
25.11.2022,28.5,28.71,28.5,28.88,28.24,5200400
28.11.2022,27.76,28.11,27.76,28.66,27.73,11120000
29.11.2022,27.76,28.05,27.76,28.23,27.58,15007800
30.11.2022,29.14,27.8,29.14,29.14,27.64,18177000
01.12.2022,28.34,29.22,28.34,29.6,28.3,18066600
02.12.2022,28.75,27.38,28.75,28.78,27.19,15980500
05.12.2022,27.7,28.41,27.7,28.86,27.65,17486300
06.12.2022,26.92,27.7,26.92,27.86,26.7,19772900
07.12.2022,26.4,26.61,26.4,26.87,26.02,21193900
08.12.2022,26.45,26.52,26.45,27.03,26.28,14909600
09.12.2022,26.55,26.4,26.55,26.96,26.24,14253500
12.12.2022,27.03,26.42,27.03,27.23,26.11,16483600
13.12.2022,26.98,28.03,26.98,28.45,26.91,27635400
14.12.2022,27.47,27.07,27.47,27.82,26.77,19427300
15.12.2022,26.24,26.98,26.24,27.11,25.88,19377800
16.12.2022,25.97,26.06,25.97,26.45,25.66,22684200
19.12.2022,24.95,26.02,24.95,26.02,24.69,35616100
20.12.2022,24.96,24.72,24.96,25.28,24.61,28536500
21.12.2022,25.36,25.15,25.36,25.67,24.87,20444500
22.12.2022,24.64,24.93,24.64,25.1,24.04,23752700
23.12.2022,24.64,24.46,24.64,24.73,24.16,11610000
27.12.2022,24.4,24.29,24.4,24.7,23.9,15258600
28.12.2022,24.59,24.21,24.59,24.72,24.02,15669200
29.12.2022,24.91,24.75,24.91,25.38,24.29,17828300
30.12.2022,24.73,24.42,24.73,24.85,24.24,20474100
03.01.2023,25.36,25.37,25.36,25.75,25.02,22155300
04.01.2023,25.91,25.73,25.91,25.97,25.32,14816000
05.01.2023,25.55,25.73,25.55,26.01,25.55,9942000
06.01.2023,26.4,25.86,26.4,26.54,25.4,19443800
09.01.2023,27.4,27.3,27.4,28.05,27.15,24962100
10.01.2023,28.04,27.4,28.04,28.25,27.15,15413700
11.01.2023,28.35,28.24,28.35,28.52,27.92,15421700
12.01.2023,29.03,28.85,29.03,29.18,28.2,17513400
13.01.2023,29.44,28.68,29.44,29.5,28.66,16940700
17.01.2023,29.2,29.44,29.2,29.78,28.95,20816500
18.01.2023,28.96,29.95,28.96,30.09,28.89,25257200
19.01.2023,29.03,28.47,29.03,29.28,28.34,15651500
20.01.2023,30.36,29.3,30.36,30.39,29.12,23008700
23.01.2023,30.53,30.63,30.53,31.11,30.26,22041100
24.01.2023,29.93,28.51,29.93,31.2,28.51,14464400
25.01.2023,30.29,29.22,30.29,30.4,28.8,14488100
26.01.2023,30.02,30.53,30.02,30.65,29.31,25383600
27.01.2023,30.36,29.7,30.36,30.6,29.5,18224000
30.01.2023,29.63,30.2,29.63,30.54,29.59,17969700
31.01.2023,30.93,29.75,30.93,30.96,29.74,15611500
01.02.2023,31.49,30.88,31.49,31.85,30.64,21206400
02.02.2023,33.05,32.42,33.05,33.47,32.42,32045500
03.02.2023,33.09,32.17,33.09,33.95,32.15,25804900
06.02.2023,33.9,33.53,33.9,34.21,32.9,33594900
07.02.2023,34.9,33.66,34.9,35.06,33.41,59374000
08.02.2023,36.83,37.43,36.83,37.58,34.5,109597800
09.02.2023,35.89,36.89,35.89,37.36,35.65,44068500
10.02.2023,34.3,34.4,34.3,35.4,34.05,41936400
13.02.2023,33.44,34.5,33.44,34.52,33.35,35043700
14.02.2023,35.23,33.11,35.23,35.36,32.72,38856500
15.02.2023,36.23,35.01,36.23,36.24,34.72,31443800
16.02.2023,36.22,35.6,36.22,36.73,35.45,28202700
17.02.2023,34.77,35.96,34.77,36.23,34.57,27946700
21.02.2023,34.2,33.78,34.2,34.39,33.49,24696800
22.02.2023,34.54,34.35,34.54,35.17,34.22,23294000
23.02.2023,34.47,34.79,34.47,34.8,33.7,23661700
24.02.2023,33.4,33.7,33.4,33.92,33.02,19101000
27.02.2023,33.55,33.67,33.55,33.85,33.06,19079100
28.02.2023,33.26,33.75,33.26,34.0,33.17,17144000
01.03.2023,32.99,33.43,32.99,33.58,32.89,14404700
02.03.2023,33.69,32.54,33.69,33.8,32.23,17967400
03.03.2023,34.57,34.0,34.57,34.59,33.8,14990400
06.03.2023,33.88,34.58,33.88,35.11,33.85,18903000
07.03.2023,34.14,33.85,34.14,35.0,33.6,25538400
08.03.2023,34.01,34.01,34.01,34.63,33.52,16174300
09.03.2023,32.32,34.41,32.32,34.52,32.28,27629700
10.03.2023,31.11,32.0,31.11,32.03,30.77,32553600
13.03.2023,30.82,30.58,30.82,31.08,29.97,24302600
14.03.2023,32.36,32.94,32.36,33.42,32.16,34241800
15.03.2023,31.97,31.83,31.97,32.24,31.39,28434900
16.03.2023,32.73,31.59,32.73,32.9,31.55,20044700
17.03.2023,31.78,32.38,31.78,32.47,31.51,27102500
20.03.2023,31.93,31.6,31.93,32.36,31.46,14157800
21.03.2023,32.86,32.33,32.86,33.14,32.23,19780200
22.03.2023,31.52,32.58,31.52,32.72,31.5,24636400
23.03.2023,31.18,31.88,31.18,32.2,30.75,16806900
24.03.2023,30.75,30.94,30.75,31.15,30.29,14775300
27.03.2023,30.62,31.03,30.62,31.04,30.14,17918000
28.03.2023,30.07,30.53,30.07,30.86,29.98,23087300
29.03.2023,30.87,30.62,30.87,30.9,30.2,18917500
30.03.2023,31.19,31.5,31.19,31.85,30.88,16261300
31.03.2023,31.7,31.42,31.7,31.84,31.21,14824600
03.04.2023,31.46,31.5,31.46,31.75,31.17,23529100
04.04.2023,31.39,31.94,31.39,32.13,31.28,15146900
05.04.2023,31.12,30.95,31.12,31.24,30.47,17243300
06.04.2023,31.18,30.93,31.18,31.49,30.5,14486900
10.04.2023,31.74,30.96,31.74,31.78,30.61,16463100
11.04.2023,31.12,31.75,31.12,31.8,30.88,16906500
12.04.2023,30.59,31.19,30.59,31.45,30.4,15964900
13.04.2023,31.44,30.83,31.44,31.59,30.69,15079600
14.04.2023,31.48,31.31,31.48,31.62,30.93,11851900
17.04.2023,32.08,32.19,32.08,32.19,31.63,25206200
18.04.2023,31.73,32.37,31.73,32.93,31.61,18698600
19.04.2023,32.04,31.35,32.04,32.37,31.16,13822000
20.04.2023,31.5,31.52,31.5,32.04,31.4,12747100
21.04.2023,30.83,31.36,30.83,31.46,29.71,40543100
24.04.2023,30.68,30.68,30.68,31.06,30.23,14596200
25.04.2023,29.59,30.34,29.59,30.47,29.55,20399200
26.04.2023,29.68,29.7,29.68,30.12,29.47,14277100
27.04.2023,29.7,30.07,29.7,30.17,29.22,27293700
28.04.2023,31.05,29.62,31.05,31.27,29.42,28516100
01.05.2023,32.74,32.0,32.74,33.0,31.76,49867100
02.05.2023,36.52,35.02,36.52,36.62,34.23,102993500
03.05.2023,37.84,36.75,37.84,38.35,36.35,68580800
04.05.2023,37.49,37.48,37.49,37.8,36.69,44819400
05.05.2023,37.75,37.48,37.75,37.95,36.87,24676200
08.05.2023,38.83,37.82,38.83,38.93,37.48,30992100
09.05.2023,38.19,38.49,38.19,38.58,37.9,19387000
10.05.2023,38.79,38.6,38.79,38.95,38.17,19531500
11.05.2023,38.42,38.64,38.42,39.18,38.34,16515600
12.05.2023,38.45,38.64,38.45,39.23,38.2,21614700
15.05.2023,38.14,38.34,38.14,38.48,37.99,17826600
16.05.2023,37.44,37.93,37.44,38.15,37.44,21829100
17.05.2023,37.84,37.73,37.84,37.96,37.36,19534400
18.05.2023,39.25,37.98,39.25,39.49,37.76,27828100
19.05.2023,39.18,39.25,39.18,39.49,38.92,19750800
22.05.2023,39.17,39.13,39.17,40.5,39.08,27581600
23.05.2023,38.66,38.99,38.66,39.65,38.51,18679400
24.05.2023,37.96,38.05,37.96,38.66,37.77,22074700
25.05.2023,37.95,38.48,37.95,38.58,37.53,18634200
26.05.2023,38.45,38.24,38.45,38.76,38.22,14427900
30.05.2023,37.56,38.73,37.56,39.06,37.56,18143200
31.05.2023,37.93,37.25,37.93,38.05,37.07,34506300
01.06.2023,38.48,37.5,38.48,38.5,37.26,17115300
02.06.2023,39.73,39.0,39.73,39.89,39.0,21212000
05.06.2023,40.42,39.5,40.42,40.79,39.5,24218600
06.06.2023,40.25,40.25,40.25,40.73,39.93,14570100
07.06.2023,38.99,40.24,38.99,40.25,38.61,23653900
08.06.2023,40.26,39.18,40.26,40.63,39.04,20301800
09.06.2023,40.99,40.05,40.99,41.0,40.02,21932700
12.06.2023,41.74,41.26,41.74,41.74,41.06,15987700
13.06.2023,41.41,41.75,41.41,41.83,40.89,16659600
14.06.2023,41.27,41.3,41.27,41.59,40.57,15077600
15.06.2023,43.36,41.02,43.36,43.75,40.94,41477800
16.06.2023,43.52,43.07,43.52,43.67,42.53,27981000
20.06.2023,42.17,42.77,42.17,43.47,42.02,19931300
21.06.2023,42.66,42.5,42.66,43.22,41.77,21916500
22.06.2023,42.81,42.3,42.81,43.87,42.21,19542100
23.06.2023,43.34,42.59,43.34,43.76,42.33,23153100
26.06.2023,44.42,43.75,44.42,45.04,43.68,33693000
27.06.2023,43.83,44.69,43.83,44.83,43.75,29652100
28.06.2023,44.24,43.5,44.24,45.24,43.32,28187400
29.06.2023,42.58,44.09,42.58,44.28,42.11,28595300
30.06.2023,43.17,43.11,43.17,43.43,42.92,17412300
03.07.2023,43.09,43.17,43.09,43.4,42.58,7578100
05.07.2023,43.66,42.89,43.66,43.88,42.89,15730400
06.07.2023,42.11,42.99,42.11,43.0,41.87,17983600
07.07.2023,42.91,42.07,42.91,43.12,41.94,14931300
10.07.2023,42.78,42.58,42.78,43.2,42.44,15821800
11.07.2023,44.36,42.1,44.36,44.67,41.75,32165000
12.07.2023,44.52,45.0,44.52,45.22,43.97,21830100
13.07.2023,45.64,45.21,45.64,45.94,44.62,21193200
14.07.2023,44.75,45.9,44.75,46.4,44.56,22024000
17.07.2023,45.51,44.68,45.51,45.65,44.5,21937900
18.07.2023,47.41,45.34,47.41,47.75,45.34,42620200
19.07.2023,47.12,47.1,47.12,47.9,46.55,21990900
20.07.2023,46.57,46.07,46.57,47.5,45.86,23085300
21.07.2023,47.23,46.55,47.23,47.34,46.28,20176900
24.07.2023,47.32,47.06,47.32,47.55,46.84,16669800
25.07.2023,47.17,47.2,47.17,47.73,46.93,14188200
26.07.2023,47.31,47.05,47.31,47.56,46.62,16666200
27.07.2023,46.61,48.0,46.61,48.09,46.35,17992000
28.07.2023,48.14,47.14,48.14,48.43,46.71,17154600
31.07.2023,49.46,48.85,49.46,49.49,48.15,38736800
01.08.2023,46.65,48.67,46.65,49.03,46.01,82097500
02.08.2023,46.96,46.06,46.96,47.71,45.67,36303800
03.08.2023,45.91,46.22,45.91,47.85,45.79,25248800
04.08.2023,45.2,46.0,45.2,46.38,45.02,25639600
07.08.2023,44.95,45.01,44.95,45.53,44.38,22122500
08.08.2023,45.16,44.5,45.16,45.24,44.08,14742200
09.08.2023,44.11,45.25,44.11,45.46,43.84,20113000
10.08.2023,44.6,44.13,44.6,45.18,44.09,16908200
11.08.2023,43.71,44.0,43.71,44.3,43.31,16172800
14.08.2023,44.85,43.5,44.85,44.88,42.95,15828800
15.08.2023,44.08,44.7,44.08,44.88,44.01,13404700
16.08.2023,43.65,43.98,43.65,44.33,43.4,14980800
17.08.2023,43.97,44.18,43.97,44.86,43.91,21326600
18.08.2023,44.69,43.27,44.69,44.84,43.19,17132100
21.08.2023,44.63,44.98,44.63,45.3,44.01,15362100
22.08.2023,44.35,44.94,44.35,45.18,44.02,13599800
23.08.2023,45.14,44.0,45.14,45.62,44.0,14625800
24.08.2023,44.68,45.24,44.68,45.72,44.64,18129600
25.08.2023,43.96,44.71,43.96,44.84,43.08,19132500
28.08.2023,44.15,44.11,44.15,44.52,43.71,10424100
29.08.2023,45.35,44.21,45.35,45.58,44.12,11335400
30.08.2023,46.51,45.35,46.51,46.75,45.3,19869400
31.08.2023,47.23,46.69,47.23,47.57,46.52,19263800
01.09.2023,47.04,47.51,47.04,47.7,46.83,14607000
05.09.2023,46.55,46.87,46.55,47.14,46.3,16461700
06.09.2023,45.9,46.34,45.9,46.85,45.61,14262700
07.09.2023,46.27,45.5,46.27,46.68,45.25,14972200
08.09.2023,47.24,46.34,47.24,47.25,46.27,15956900
11.09.2023,48.94,47.74,48.94,48.97,47.65,19007300
12.09.2023,47.92,48.34,47.92,49.19,47.9,18809000
13.09.2023,48.16,47.51,48.16,48.36,47.28,12691800
14.09.2023,48.32,48.63,48.32,48.69,47.81,13068200
15.09.2023,47.52,48.19,47.52,48.49,47.27,16125700
18.09.2023,46.51,47.3,46.51,47.35,46.48,15025500
19.09.2023,47.59,46.4,47.59,47.76,46.21,19180200
20.09.2023,46.55,46.87,46.55,47.54,46.4,22582000
21.09.2023,44.6,45.79,44.6,45.79,43.93,27865700
22.09.2023,44.41,45.16,44.41,45.35,44.03,16158700
25.09.2023,44.91,44.14,44.91,45.11,44.11,9175400
26.09.2023,44.27,44.5,44.27,45.39,44.04,11283600
27.09.2023,45.14,44.51,45.14,45.47,44.44,16835100
28.09.2023,46.14,44.92,46.14,46.58,44.92,22199200
29.09.2023,45.99,46.75,45.99,46.92,45.85,14237200
02.10.2023,45.68,45.57,45.68,46.29,45.1,14976700
03.10.2023,44.51,45.36,44.51,45.6,44.33,11033400
04.10.2023,44.94,44.79,44.94,45.49,44.18,12476100
05.10.2023,44.61,44.84,44.61,44.93,43.65,14518800
06.10.2023,45.78,44.06,45.78,45.94,44.06,14754800
09.10.2023,45.45,45.15,45.45,45.6,44.58,11422300
10.10.2023,46.63,45.75,46.63,47.28,45.55,14538600
11.10.2023,46.64,46.9,46.64,47.21,46.26,12985500
12.10.2023,45.95,46.54,45.95,47.04,45.6,15983600
13.10.2023,43.48,45.82,43.48,46.29,42.7,28195100
16.10.2023,44.71,43.76,44.71,45.0,43.47,20447100
17.10.2023,44.38,44.41,44.38,45.26,44.05,17337800
18.10.2023,43.0,43.9,43.0,44.2,42.91,15388000
19.10.2023,42.72,43.02,42.72,43.27,42.19,16090000
20.10.2023,42.96,42.72,42.96,43.35,42.26,13941300
23.10.2023,43.04,42.53,43.04,43.97,42.25,11277100
24.10.2023,44.19,43.5,44.19,44.33,43.38,17566500
25.10.2023,42.35,43.3,42.35,43.49,42.06,16495900
26.10.2023,40.62,42.14,40.62,42.3,40.09,23465500
27.10.2023,41.23,41.21,41.23,42.15,40.8,17098600
30.10.2023,42.73,42.01,42.73,43.0,42.01,21292700
31.10.2023,43.28,42.82,43.28,43.53,42.2,18414000
01.11.2023,43.83,43.25,43.83,44.0,42.91,18989300
02.11.2023,46.48,45.35,46.48,46.86,45.25,25816900
03.11.2023,47.75,46.92,47.75,48.15,46.63,21946800
06.11.2023,48.14,47.94,48.14,48.3,47.43,27843100
07.11.2023,49.92,47.0,49.92,50.04,46.68,81365400
08.11.2023,49.5,50.04,49.5,50.3,48.9,37726700
09.11.2023,50.05,49.3,50.05,50.68,49.02,29962300
10.11.2023,51.58,50.01,51.58,52.1,49.9,27228600
13.11.2023,52.24,51.17,52.24,52.42,50.72,21026900
14.11.2023,53.88,52.9,53.88,54.31,52.39,30621900
15.11.2023,53.76,53.92,53.76,54.26,53.16,22419700
16.11.2023,54.42,53.5,54.42,54.51,53.15,20810800
17.11.2023,54.44,54.13,54.44,54.51,54.01,16119500
20.11.2023,54.75,53.83,54.75,55.35,53.76,28511600
21.11.2023,54.85,54.23,54.85,55.08,53.89,34115500
22.11.2023,55.37,55.1,55.37,55.82,54.96,18459700
24.11.2023,55.32,55.15,55.32,55.94,55.07,10696800
27.11.2023,56.06,55.47,56.06,56.46,55.29,19101900
28.11.2023,56.21,55.98,56.21,56.45,55.69,20457500
29.11.2023,56.4,56.49,56.4,57.13,56.15,23496200
30.11.2023,56.38,56.61,56.38,56.77,55.53,32769800
01.12.2023,57.35,56.67,57.35,57.87,56.25,28162400
04.12.2023,58.63,60.01,58.63,60.92,58.57,85417300
05.12.2023,57.97,58.01,57.97,58.66,57.7,39170600
06.12.2023,59.75,58.37,59.75,59.98,58.36,33835000
07.12.2023,60.98,59.67,60.98,60.99,59.53,34410200
08.12.2023,61.7,60.51,61.7,62.25,60.51,28844800
11.12.2023,62.46,61.53,62.46,62.99,60.94,30389700
12.12.2023,62.72,62.06,62.72,63.03,61.83,27144300
13.12.2023,61.97,62.71,61.97,62.88,61.45,41661700
14.12.2023,62.5,62.01,62.5,62.81,60.61,44818100
15.12.2023,61.86,62.16,61.86,63.53,61.41,364231800
18.12.2023,61.73,62.01,61.73,62.49,61.33,28614000
19.12.2023,62.12,61.88,62.12,62.7,61.69,26813800
20.12.2023,60.68,61.49,60.68,62.28,60.62,28286100
21.12.2023,61.46,61.24,61.46,61.76,60.83,19999600
22.12.2023,61.71,61.7,61.71,62.24,61.28,14709400
26.12.2023,61.98,61.71,61.98,62.2,61.31,16077200
27.12.2023,63.28,62.0,63.28,63.43,62.0,20806000
28.12.2023,63.14,63.45,63.14,63.53,62.83,13795600
29.12.2023,61.57,62.36,61.57,63.14,61.3,21602500
02.01.2024,58.38,60.73,58.38,60.91,57.93,41978600
03.01.2024,58.25,57.48,58.25,58.9,57.33,31800600
04.01.2024,57.8,58.25,57.8,58.99,57.73,20370700
05.01.2024,57.58,58.11,57.58,58.51,57.22,17875200
08.01.2024,59.01,58.09,59.01,59.16,57.85,21213000
09.01.2024,60.3,58.5,60.3,60.54,58.45,22319900
10.01.2024,62.41,60.28,62.41,62.61,60.28,30788900
11.01.2024,63.47,62.99,63.47,63.61,61.86,28888900
12.01.2024,63.2,63.2,63.2,64.92,63.0,26367100
16.01.2024,63.65,63.0,63.65,64.0,62.92,19511800
17.01.2024,63.12,62.95,63.12,63.42,61.68,19971600
18.01.2024,64.88,64.0,64.88,65.0,63.38,24149900
19.01.2024,65.11,64.9,65.11,65.39,64.41,20332900
22.01.2024,64.55,65.44,64.55,65.61,64.15,17851700
23.01.2024,64.32,64.5,64.32,64.81,63.69,13619600
24.01.2024,63.76,64.0,63.76,64.4,63.22,17238100
25.01.2024,66.0,64.28,66.0,66.03,63.71,21963000
26.01.2024,65.52,65.65,65.52,66.04,65.29,13099600
29.01.2024,66.98,65.6,66.98,67.1,65.56,15902000
30.01.2024,66.84,66.9,66.84,67.69,66.22,17562100
31.01.2024,65.27,65.7,65.27,66.25,64.85,17026400
01.02.2024,66.73,66.12,66.73,66.85,65.59,12504200
02.02.2024,68.07,66.98,68.07,68.25,66.51,18642700
05.02.2024,68.99,68.24,68.99,69.99,67.86,26079500
06.02.2024,70.47,69.06,70.47,70.68,68.44,34464000
07.02.2024,70.65,67.6,70.65,71.9,67.24,43367000
08.02.2024,71.61,71.93,71.61,73.05,71.19,21618200
09.02.2024,70.91,71.43,70.91,72.04,69.69,20858700
12.02.2024,69.12,71.0,69.12,71.38,68.74,19554900
13.02.2024,68.99,67.89,68.99,69.55,66.71,22857100
14.02.2024,79.15,74.6,79.15,79.2,74.31,69846700
15.02.2024,81.39,79.0,81.39,81.86,78.28,40330200
16.02.2024,78.41,80.55,78.41,80.88,78.11,24442600
20.02.2024,76.6,78.23,76.6,78.42,75.82,24203100
21.02.2024,76.44,76.32,76.44,77.49,75.88,15102100
22.02.2024,78.03,79.59,78.03,79.72,77.51,16766400
23.02.2024,78.2,78.5,78.2,78.97,77.72,15648800
26.02.2024,78.36,78.28,78.36,78.5,77.3,16617300
27.02.2024,78.75,78.64,78.75,79.75,77.81,13707300
28.02.2024,77.73,78.6,77.73,78.66,77.42,11853100
29.02.2024,79.5,78.35,79.5,79.68,77.93,19405500
01.03.2024,81.03,79.5,81.03,81.47,79.32,18520800
04.03.2024,81.3,81.94,81.3,82.14,80.79,15989200
05.03.2024,79.09,80.83,79.09,80.85,77.43,19761600
06.03.2024,78.64,80.17,78.64,80.99,78.53,13734700
07.03.2024,79.41,79.4,79.41,80.07,78.26,13873300
08.03.2024,78.7,79.94,78.7,81.98,78.21,16409100
11.03.2024,77.47,78.7,77.47,78.89,76.53,13781400
12.03.2024,78.32,78.01,78.32,78.48,77.48,11303800
13.03.2024,78.25,78.0,78.25,79.69,77.93,12065100
14.03.2024,77.65,78.34,77.65,78.48,76.9,12737200
15.03.2024,76.07,77.0,76.07,77.84,75.77,24552000
18.03.2024,75.7,77.0,75.7,77.0,73.66,18936700
19.03.2024,77.08,75.38,77.08,77.18,74.19,13035200
20.03.2024,78.64,77.09,78.64,78.95,76.75,11490400
21.03.2024,80.25,79.6,80.25,81.23,79.09,16191100
22.03.2024,80.23,79.8,80.23,80.45,79.2,8863500
25.03.2024,79.41,79.99,79.41,81.04,79.39,10254300
26.03.2024,77.91,79.8,77.91,80.18,77.78,12438300
27.03.2024,78.11,78.96,78.11,79.0,76.85,13157000
28.03.2024,76.99,77.9,76.99,78.05,76.89,13421900
01.04.2024,76.4,77.0,76.4,77.78,76.0,12201800
02.04.2024,76.98,75.66,76.98,77.33,74.97,15838800
03.04.2024,76.81,76.84,76.81,78.85,76.54,19883100
04.04.2024,74.92,77.24,74.92,77.67,74.48,17191300
05.04.2024,77.16,75.34,77.16,78.39,74.92,21541300
08.04.2024,75.03,76.7,75.03,76.86,73.95,22867600
09.04.2024,75.14,74.77,75.14,75.5,73.33,13766800
10.04.2024,74.35,74.4,74.35,75.31,73.54,12533900
11.04.2024,76.18,74.8,76.18,76.56,74.71,13653600
12.04.2024,75.28,75.05,75.28,75.82,74.49,11582600
15.04.2024,73.4,76.38,73.4,76.68,72.88,16093400
16.04.2024,74.13,73.39,74.13,74.7,72.7,14513100
17.04.2024,71.94,75.0,71.94,75.61,71.04,15363100
18.04.2024,71.3,72.26,71.3,72.86,70.64,20426000
19.04.2024,69.2,71.15,69.2,71.15,68.38,23087600
22.04.2024,68.98,70.48,68.98,70.89,68.48,26804900
23.04.2024,70.8,70.02,70.8,71.14,69.62,16814200
24.04.2024,69.36,70.15,69.36,70.22,67.36,27515600
25.04.2024,69.31,67.86,69.31,70.29,67.38,20545200
26.04.2024,69.05,69.97,69.05,70.15,68.7,16187600
29.04.2024,67.4,68.5,67.4,68.66,67.2,20102600
30.04.2024,66.27,67.22,66.27,68.6,66.07,22707300
01.05.2024,67.79,66.04,67.79,69.41,65.86,21266700
02.05.2024,68.57,68.4,68.57,69.04,67.62,18229300
03.05.2024,69.23,69.85,69.23,70.34,69.03,15557700
06.05.2024,71.51,71.0,71.51,73.82,70.83,25001900
07.05.2024,70.43,72.64,70.43,72.64,69.8,24427300
08.05.2024,66.4,64.5,66.4,67.2,63.83,84220000
09.05.2024,67.93,66.81,67.93,68.57,66.75,27965500
10.05.2024,66.99,67.82,66.99,67.9,66.4,18924400
13.05.2024,66.02,67.0,66.02,67.06,64.72,18983100
14.05.2024,65.32,65.85,65.32,66.1,64.75,19462300
15.05.2024,66.62,66.0,66.62,66.66,65.22,16308700
16.05.2024,66.05,66.97,66.05,67.33,66.0,19923500
17.05.2024,65.67,66.5,65.67,66.64,65.52,15703300
20.05.2024,64.65,65.64,64.65,65.87,64.31,15864400
21.05.2024,63.97,64.13,63.97,64.65,63.81,16592500
22.05.2024,65.48,64.82,65.48,66.09,64.52,22562100
23.05.2024,63.6,65.56,63.6,65.8,63.25,20115000
24.05.2024,64.26,63.78,64.26,64.76,63.62,10380500
28.05.2024,63.52,64.61,63.52,64.61,63.1,14213300
29.05.2024,64.93,63.01,64.93,65.36,62.91,16987900
30.05.2024,64.12,64.79,64.12,65.41,63.72,12692500
31.05.2024,64.56,64.2,64.56,64.63,63.14,17322400
03.06.2024,63.79,64.78,63.79,64.96,62.94,14922200
04.06.2024,64.55,64.06,64.55,65.19,63.7,12689200
05.06.2024,65.82,64.94,65.82,66.28,64.21,19513500
06.06.2024,68.9,67.45,68.9,69.69,67.33,25871500
07.06.2024,69.31,68.9,69.31,69.71,68.11,13932600
10.06.2024,68.6,69.28,68.6,69.69,66.56,19168900
11.06.2024,69.59,68.6,69.59,69.6,67.76,12741200
12.06.2024,73.15,71.31,73.15,73.6,71.0,24435500
13.06.2024,70.86,73.16,70.86,73.16,70.24,17109400
14.06.2024,70.06,70.91,70.06,71.0,69.32,11601100
17.06.2024,70.49,69.91,70.49,70.83,69.83,14760500
18.06.2024,70.33,70.6,70.33,71.21,69.89,9511600
20.06.2024,70.3,70.51,70.3,71.12,69.73,10662400
21.06.2024,70.21,70.04,70.21,70.25,69.23,20913300
24.06.2024,70.54,69.83,70.54,71.23,69.75,12479300
25.06.2024,71.38,71.86,71.38,72.94,70.22,18911600
26.06.2024,70.85,70.94,70.85,71.6,70.55,10232600
27.06.2024,70.34,70.98,70.34,71.32,70.07,9650500
28.06.2024,72.68,70.81,72.68,73.26,70.77,21375900
01.07.2024,71.1,72.2,71.1,72.58,69.4,13438700
02.07.2024,70.67,71.25,70.67,71.26,68.88,14319000
03.07.2024,71.3,70.66,71.3,72.14,70.5,7869800
05.07.2024,71.06,70.99,71.06,71.42,70.39,6599200
08.07.2024,71.25,71.31,71.25,71.78,70.75,7231100
09.07.2024,71.32,71.4,71.32,72.28,71.13,8757900
10.07.2024,69.27,71.5,69.27,71.5,68.38,14638800
11.07.2024,73.53,69.51,73.53,73.64,68.85,26702500
12.07.2024,72.43,72.11,72.43,73.8,72.11,14683700
15.07.2024,72.29,73.06,72.29,73.25,70.76,13472600
16.07.2024,74.3,73.11,74.3,75.4,73.11,17529000
17.07.2024,68.62,73.38,68.62,73.41,68.56,27884400
18.07.2024,66.26,69.0,66.26,69.34,65.81,21988900
19.07.2024,67.31,66.78,67.31,67.44,66.1,12809600
22.07.2024,67.73,67.53,67.73,68.78,67.08,13408000
23.07.2024,67.52,68.05,67.52,69.1,67.28,9539800
24.07.2024,66.14,67.27,66.14,67.79,65.78,15187100
25.07.2024,65.74,66.0,65.74,69.37,64.4,22596900
26.07.2024,64.4,66.1,64.4,66.26,64.18,17379400
29.07.2024,63.76,64.83,63.76,65.25,63.72,16907000
30.07.2024,63.09,64.15,63.09,64.77,62.61,16506200
31.07.2024,64.47,63.88,64.47,65.18,63.66,18209700
01.08.2024,61.02,64.86,61.02,65.0,60.76,18967900
02.08.2024,58.99,59.38,58.99,59.58,56.86,27654600
05.08.2024,58.48,55.53,58.48,58.65,54.84,32063700
06.08.2024,64.87,62.55,64.87,65.82,60.5,53336900
07.08.2024,65.54,65.56,65.54,68.4,65.49,31493600
08.08.2024,69.01,66.53,69.01,69.17,65.95,21779100
09.08.2024,68.54,69.14,68.54,69.38,67.75,12770300
12.08.2024,69.26,68.61,69.26,69.31,68.02,10826100
13.08.2024,71.06,69.77,71.06,71.19,69.38,15472500
14.08.2024,71.93,71.6,71.93,72.0,70.61,12337000
15.08.2024,72.73,72.51,72.73,73.42,72.29,13711300
16.08.2024,72.04,72.5,72.04,73.35,71.75,11548300
19.08.2024,74.18,72.0,74.18,74.22,71.79,13821300
20.08.2024,73.31,74.27,73.31,74.48,73.28,10246500
21.08.2024,73.48,73.72,73.48,74.29,73.06,9290200
22.08.2024,73.31,73.55,73.31,74.12,72.67,9571900
23.08.2024,74.3,72.85,74.3,74.46,72.35,13065600
26.08.2024,72.61,74.3,72.61,74.3,72.11,10999900
27.08.2024,72.56,72.49,72.56,73.09,71.8,7294100
28.08.2024,71.85,72.5,71.85,72.55,71.02,9529400
29.08.2024,72.24,72.5,72.24,73.28,72.13,9300800
30.08.2024,73.13,72.89,73.13,73.42,72.06,12676900
03.09.2024,71.89,72.57,71.89,73.61,71.21,13053300
04.09.2024,71.56,71.52,71.56,72.69,71.3,7995800
05.09.2024,71.25,71.08,71.25,72.62,70.92,8890900
06.09.2024,69.58,71.13,69.58,72.02,68.73,11449800
09.09.2024,69.8,70.95,69.8,71.19,69.63,8804600
10.09.2024,68.99,70.0,68.99,70.46,67.64,20227200
11.09.2024,70.11,68.83,70.11,70.22,67.12,14671900
12.09.2024,68.09,70.06,68.09,70.49,67.85,16381700
13.09.2024,72.48,72.4,72.48,72.75,70.94,30376500
16.09.2024,71.52,72.36,71.52,72.5,71.04,12016700
17.09.2024,72.78,71.97,72.78,73.73,71.31,14639800
18.09.2024,73.5,72.77,73.5,74.74,72.19,11720900
19.09.2024,75.28,74.98,75.28,76.46,74.56,17698400
20.09.2024,73.94,74.82,73.94,75.05,73.45,17472700
23.09.2024,74.71,75.11,74.71,75.27,73.78,8285300
24.09.2024,77.44,76.0,77.44,77.51,75.97,16099200
25.09.2024,77.14,77.51,77.14,78.28,77.08,12552600
26.09.2024,76.69,78.36,76.69,78.45,75.13,14788600
27.09.2024,75.75,77.03,75.75,77.08,75.7,7580100
30.09.2024,75.16,75.32,75.16,75.72,74.25,12991100
